use db_moviedb;

INSERT INTO `db_moviedb`.`contenuto` (`IDContenuto`, `Titolo`, `Sinossi`, `AnnoProduzione`, `ImgCopertina`, `Trailer`, `MiPiace`, `Cast`, `Valutazione`) VALUES ('1', 'Lucifer', 'Nel 2011 Lucifer, annoiato del suo ruolo di signore degli Inferi e rancoroso nei confronti di Dio, suo padre, per averlo condannato a governare l\'inferno, abbandona il suo regno insieme al demone Mazikeen e si trasferisce a Los Angeles dove apre un night club di nome \"Lux\", che in breve tempo diviene molto conosciuto grazie al giro di favori che il suo nuovo proprietario dispensa a più parti.', '2016', 'https://upload.wikimedia.org/wikipedia/it/7/78/Lucifer_serietv.jpg', 'https://www.youtube.com/embed/X4bF_quwNtw', '2', 'Tom Ellis as Lucifer Morningstar. Lauren German as Detective Chloe Decker, Kevin Alejandro as Detective Daniel, Lesley-Ann Brandt as Mazikeen, Scarlett Estevez as Beatrice \"Trixie\" Espinoza, Rachael Harris as Dr. Linda Martin', '3.7');
INSERT INTO `db_moviedb`.`contenuto` (`IDContenuto`, `Titolo`, `Sinossi`, `AnnoProduzione`, `ImgCopertina`, `Trailer`, `MiPiace`, `Cast`, `Valutazione`) VALUES ('2', 'Point break 2015', 'Johnny Utah è un ex atleta di sport estremi che ha finito la sua carriera a seguito della tragica morte di un amico durante una corsa di motocross. Per espiare questa colpa si unisce all\'FBI dove si propone di risolvere l\'incarico di catturare una squadra di rapinatori che, come lui, sono atleti di sport estremi: per catturarli dovrà fingersi uno di loro.', '2015', 'https://zon.it/wp-content/uploads/2020/03/point-break.jpg', 'https://www.youtube.com/embed/SQvPRb4HADE', '1', 'Édgar Ramírez as \'Bodhi\', Luke Bracey as Johnny \'Utah\' Brigham, Ray Winstone as Angelo Pappas, Judah Lewis as young Johnny \'Utah\', Teresa Palmer as Samsara Dietz', '2.2');
INSERT INTO `db_moviedb`.`contenuto` (`IDContenuto`, `Titolo`, `Sinossi`, `AnnoProduzione`, `ImgCopertina`, `Trailer`, `MiPiace`, `Cast`, `Valutazione`) VALUES ('3', 'Pirati dei caraibi la maledizione della prima luna', 'Nell\'anno 1720, la giovane Elizabeth Swann, sulla nave inglese che la sta portando insieme al padre, il Governatore Weatherby Swann, a Port Royal, scorge il relitto di una nave su cui viene trovato un ragazzino di nome Will Turner, che viene successivamente portato a bordo.', '2003', 'https://i0.wp.com/metropolitanmagazine.it/wp-content/uploads/2019/10/prima-luna-pirati.jpg', 'https://www.youtube.com/embed/QZZirgl4lm8', '1', 'Johnny Depp as Jack Sparrow, Keira Knightley as Elizabeth Swann, Orlando Bloom as William Turner III, Geoffrey Rush as Hector Barbossa, Jack Davenport as James Norrington', '4.4');
INSERT INTO `db_moviedb`.`contenuto` (`IDContenuto`, `Titolo`, `Sinossi`, `AnnoProduzione`, `ImgCopertina`, `Trailer`, `MiPiace`, `Cast`, `Valutazione`) VALUES ('4', 'La regina degli scacchi', 'La serie inizia ambientata negli anni \'50, in un orfanotrofio femminile, dove Beth, bambina di otto anni, incontra Jolene, una ragazza vivace e amichevole di qualche anno più grande; Helen Deardorff è la donna che gestisce l\'orfanotrofio e il signor Shaibel, custode dell\'orfanotrofio, impartisce a Beth le sue prime lezioni di scacchi. Come era comune negli anni \'50,[4] l\'orfanotrofio distribuisce quotidianamente pillole tranquillanti alle ragazze, il che si trasforma in una dipendenza per Beth.', '2020', 'https://i0.wp.com/www.attentionspoilers.it/wp-content/uploads/2020/11/C492588D-1226-426A-8891-C17F52567734.jpeg?resize=800%2C450&ssl=1', 'https://www.youtube.com/embed/Ya1MgSu8Pxc', '0', 'Anya Taylor‑Joy as Beth Harmon, Harry Melling as Harry Beltik, Jacob Fortune as Townes, Marielle Heller as Alma Wheatley', '4.9');
INSERT INTO `db_moviedb`.`contenuto` (`IDContenuto`, `Titolo`, `Sinossi`, `AnnoProduzione`, `ImgCopertina`, `Trailer`, `MiPiace`, `Cast`, `Valutazione`) VALUES ('5', 'Venom', 'Hardy è il giornalista investigativo Eddie Brock, il quale, nel tentativo di rianimare la sua carriera, inizia ad indagare su uno scandalo che coinvolge la Life Foundation, una sofisticata organizzazione senza scrupoli formata da un gruppo survivalista, entra in contatto con un\'entità aliena con la quale si fonde ottennendo superpoteri. Il rapporto tra Brock e il simbionte è quello di un \"ibrido\" con i due personaggi che condividono lo stesso corpo e che si vedono costretti da lavorare insieme.', '2018', 'https://www.scrivonline.it/wp-content/uploads/2018/06/Venom-2018.jpg', 'https://www.youtube.com/embed/265PpN8G07o', '1', 'Tom Hardy as Eddie Brock / Venom, Michelle Williams as Anne Weying, Riz Ahmed as Carlton Drake / Riot. Scott Haze as Security Chief Roland Treece, Reid Scott as Dr. Dan Lewis', '1.9');
INSERT INTO `db_moviedb`.`contenuto` (`IDContenuto`, `Titolo`, `Sinossi`, `AnnoProduzione`, `ImgCopertina`, `Trailer`, `MiPiace`, `Cast`, `Valutazione`) VALUES ('6', 'Shadowhunters', 'Clary Fairchild è una ragazza perfettamente normale: studentessa alla Brooklyn Academy of Art, vive con la madre Jocelyn (sotto il falso cognome di \"Fray\") nel loro umile appartamento di New York e passa le sue giornate tra l\'arte e il migliore amico Simon Lewis. Il giorno del suo diciottesimo compleanno, però, Clary passa la serata al Pandemonium Club, dove assiste a un omicidio che nessun altro - eccetto lei - riesce a vedere.', '2016', 'https://www.theedgesusu.co.uk/wp-content/uploads/2016/02/maxresdefault.jpg', 'https://www.youtube.com/embed/nA6nGwUwLt4', '0', 'Katherine McNamara as Clary Fray, Dominic Sherwood as Jace Wayland, Alberto Rosende as Simon Lewis, Matthew Daddario as Alec Lightwood, Emeraude Toubia as Isabelle Lightwood', '4.7');
INSERT INTO `db_moviedb`.`contenuto` (`IDContenuto`, `Titolo`, `Sinossi`, `AnnoProduzione`, `ImgCopertina`, `Trailer`, `MiPiace`, `Cast`, `Valutazione`) VALUES ('7', 'Iron man 3', 'Svizzera, 31 dicembre 1999. A una festa di Capodanno, Tony Stark (Robert Downey Jr) incontra Maya Hansen, l\'inventrice di Extremis, un siero in grado di rigenerare lesioni invalidanti, e lo scienziato Aldrich Killian. Quest\'ultimo offre al miliardario la possibilità di unirsi alla sua azienda, che però rifiuta in malo modo.', '2013', 'https://www.cinematographe.it/wp-content/uploads/2016/09/Iron-Man-3-slots.jpg', 'https://www.youtube.com/embed/Pz1aiadrOTE', '1', 'Robert Downey Jr. as Tony Stark / Iron Man, Gwyneth Paltrow as Virginia \"Pepper\" Potts, Don Cheadle as James \"Rhodey\" Rhodes / Iron Patriot, Guy Pearce as Aldrich Killian, Ben Kingsley as Trevor Slattery / Mandarino', '4.3');

INSERT INTO `db_moviedb`.`serietv` (`Stagioni`, `Puntate`, `DurataEp`, `Contenuto_IDContenuto`) VALUES ('5', '75', '0.42', '1');
INSERT INTO `db_moviedb`.`serietv` (`Stagioni`, `Puntate`, `DurataEp`, `Contenuto_IDContenuto`) VALUES ('1', '7', '0.46', '4');
INSERT INTO `db_moviedb`.`serietv` (`Stagioni`, `Puntate`, `DurataEp`, `Contenuto_IDContenuto`) VALUES ('3', '55', '0.40', '6');

INSERT INTO `db_moviedb`.`film` (`Durata`, `Regista`, `Contenuto_IDContenuto`) VALUES ('1.53', 'Ericson Core', '2');
INSERT INTO `db_moviedb`.`film` (`Durata`, `Regista`, `Contenuto_IDContenuto`) VALUES ('2.23', 'Gore Verbinski', '3');
INSERT INTO `db_moviedb`.`film` (`Durata`, `Regista`, `Contenuto_IDContenuto`) VALUES ('1.52', 'Ruben Fleischer', '5');
INSERT INTO `db_moviedb`.`film` (`Durata`, `Regista`, `Contenuto_IDContenuto`) VALUES ('2.11', 'Shane Black', '7');

INSERT INTO `db_moviedb`.`genere` (`Tipo`, `Contenuto_IDContenuto`) VALUES ('Fantasy', '1');
INSERT INTO `db_moviedb`.`genere` (`Tipo`, `Contenuto_IDContenuto`) VALUES ('Crime', '1');
INSERT INTO `db_moviedb`.`genere` (`Tipo`, `Contenuto_IDContenuto`) VALUES ('Film', '2');
INSERT INTO `db_moviedb`.`genere` (`Tipo`, `Contenuto_IDContenuto`) VALUES ('Crime', '2');
INSERT INTO `db_moviedb`.`genere` (`Tipo`, `Contenuto_IDContenuto`) VALUES ('Fantasy', '3');
INSERT INTO `db_moviedb`.`genere` (`Tipo`, `Contenuto_IDContenuto`) VALUES ('Film', '3');
INSERT INTO `db_moviedb`.`genere` (`Tipo`, `Contenuto_IDContenuto`) VALUES ('Drammatico', '4');
INSERT INTO `db_moviedb`.`genere` (`Tipo`, `Contenuto_IDContenuto`) VALUES ('Film', '5');
INSERT INTO `db_moviedb`.`genere` (`Tipo`, `Contenuto_IDContenuto`) VALUES ('Fantascienza', '5');
INSERT INTO `db_moviedb`.`genere` (`Tipo`, `Contenuto_IDContenuto`) VALUES ('Fantasy', '6');
INSERT INTO `db_moviedb`.`genere` (`Tipo`, `Contenuto_IDContenuto`) VALUES ('Fantascienza', '7');

INSERT INTO `db_moviedb`.`piattaforma` (`Nome`, `ImgPiattaforma`, `Link`, `AbbMinimo`) VALUES ('Netflix', 'https://i1.wp.com/www.xanjero.com/wp-content/uploads/2018/12/Netflix-Android-app-downloads.png?ssl=1', 'https://www.netflix.com/', '7.99');
INSERT INTO `db_moviedb`.`piattaforma` (`Nome`, `ImgPiattaforma`, `Link`, `AbbMinimo`) VALUES ('Infinity', 'https://images-eu.ssl-images-amazon.com/images/I/71gbH5lKtwL.png', 'https://www.infinitytv.it/', '7.99');
INSERT INTO `db_moviedb`.`piattaforma` (`Nome`, `ImgPiattaforma`, `Link`, `AbbMinimo`) VALUES ('Disney plus', 'https://cdn6.aptoide.com/imgs/a/8/c/a8cbdef0355ad508eb90b6b6143a0fa1_icon.png', 'https://www.disneyplus.com/it-it', '6.99');
INSERT INTO `db_moviedb`.`piattaforma` (`Nome`, `ImgPiattaforma`, `Link`, `AbbMinimo`) VALUES ('Prime video', 'https://images-eu.ssl-images-amazon.com/images/I/41mpv9rBhmL.png', 'https://www.primevideo.com/', '4.99');

INSERT INTO `db_moviedb`.`presentesu` (`Contenuto_IDContenuto`, `Piattaforma_Nome`) VALUES ('1', 'Netflix');
INSERT INTO `db_moviedb`.`presentesu` (`Contenuto_IDContenuto`, `Piattaforma_Nome`) VALUES ('2', 'Infinity');
INSERT INTO `db_moviedb`.`presentesu` (`Contenuto_IDContenuto`, `Piattaforma_Nome`) VALUES ('2', 'Prime video');
INSERT INTO `db_moviedb`.`presentesu` (`Contenuto_IDContenuto`, `Piattaforma_Nome`) VALUES ('3', 'Disney plus');
INSERT INTO `db_moviedb`.`presentesu` (`Contenuto_IDContenuto`, `Piattaforma_Nome`) VALUES ('4', 'Netflix');
INSERT INTO `db_moviedb`.`presentesu` (`Contenuto_IDContenuto`, `Piattaforma_Nome`) VALUES ('5', 'Netflix');
INSERT INTO `db_moviedb`.`presentesu` (`Contenuto_IDContenuto`, `Piattaforma_Nome`) VALUES ('5', 'Prime video');
INSERT INTO `db_moviedb`.`presentesu` (`Contenuto_IDContenuto`, `Piattaforma_Nome`) VALUES ('6', 'Netflix');
INSERT INTO `db_moviedb`.`presentesu` (`Contenuto_IDContenuto`, `Piattaforma_Nome`) VALUES ('7', 'Prime video');
INSERT INTO `db_moviedb`.`presentesu` (`Contenuto_IDContenuto`, `Piattaforma_Nome`) VALUES ('7', 'Disney plus');

/*Inserimento di un Utente Media Manager*/
insert into Utente (Email, Nome, Cognome, PassUtente, Tipo) values ("mmanager@mail.com", "Paolo", "Conte", md5("MediaManager01"), "MM");

/*Inserimento di un Utente Standard*/
insert into Utente (Email, Nome, Cognome, PassUtente, Tipo) values ("ustandard@mail.com", "Luigi", "Terranera", md5("UtenteStandard01"), "US");

INSERT INTO `db_moviedb`.`piaciuti` (`Contenuto_IDContenuto`, `Utente_Email`) VALUES ('2', 'mmanager@mail.com');
INSERT INTO `db_moviedb`.`piaciuti` (`Contenuto_IDContenuto`, `Utente_Email`) VALUES ('5', 'mmanager@mail.com');
INSERT INTO `db_moviedb`.`piaciuti` (`Contenuto_IDContenuto`, `Utente_Email`) VALUES ('1', 'ustandard@mail.com');
INSERT INTO `db_moviedb`.`piaciuti` (`Contenuto_IDContenuto`, `Utente_Email`) VALUES ('3', 'ustandard@mail.com');
INSERT INTO `db_moviedb`.`piaciuti` (`Contenuto_IDContenuto`, `Utente_Email`) VALUES ('7', 'ustandard@mail.com');

INSERT INTO `db_moviedb`.`preferiti` (`Contenuto_IDContenuto`, `Utente_Email`) VALUES ('4', 'mmanager@mail.com');
INSERT INTO `db_moviedb`.`preferiti` (`Contenuto_IDContenuto`, `Utente_Email`) VALUES ('5', 'mmanager@mail.com');
INSERT INTO `db_moviedb`.`preferiti` (`Contenuto_IDContenuto`, `Utente_Email`) VALUES ('2', 'ustandard@mail.com');
INSERT INTO `db_moviedb`.`preferiti` (`Contenuto_IDContenuto`, `Utente_Email`) VALUES ('1', 'ustandard@mail.com');
INSERT INTO `db_moviedb`.`preferiti` (`Contenuto_IDContenuto`, `Utente_Email`) VALUES ('6', 'ustandard@mail.com');

INSERT INTO `db_moviedb`.`visti` (`Contenuto_IDContenuto`, `Utente_Email`) VALUES ('3', 'ustandard@mail.com');
INSERT INTO `db_moviedb`.`visti` (`Contenuto_IDContenuto`, `Utente_Email`) VALUES ('5', 'ustandard@mail.com');
INSERT INTO `db_moviedb`.`visti` (`Contenuto_IDContenuto`, `Utente_Email`) VALUES ('2', 'mmanager@mail.com');
INSERT INTO `db_moviedb`.`visti` (`Contenuto_IDContenuto`, `Utente_Email`) VALUES ('4', 'mmanager@mail.com');

INSERT INTO `db_moviedb`.`segnalazione` (`IDSegnalazione`, `Oggetto`, `Messaggio`, `Stato`) VALUES ('1', 'Aggiunta piattaforma', 'Aggiungere TIMvision al sito?', 'Ricevuta');
INSERT INTO `db_moviedb`.`segnalazione` (`IDSegnalazione`, `Oggetto`, `Messaggio`, `Stato`, `Utente_Email`) VALUES ('2', 'Piattaforma mancante', 'Point break è presente anche su Netflix', 'PresaIncarico', 'mmanager@mail.com');
INSERT INTO `db_moviedb`.`segnalazione` (`IDSegnalazione`, `Oggetto`, `Messaggio`, `Stato`, `Utente_Email`) VALUES ('3', 'Piattaforma di troppo', 'La serie tv Lucifer non è presente su PrimeVideo', 'PresaIncarico', 'mmanager@mail.com');
